Basic;1056;2213
Classic;3742;6204
Naxxramas;4093;6654
Goblins vs Gnomes;5519;8611
Blackrock Mountain;5956;9246
The Grand Tournament;7478;11157
The League of Explorers;8011;11761
Whispers of the Old Gods;9664;13833
One Night in Karazhan;10231;14504
Mean Streets of Gadgetzan;11985;16854
Hall of Fame;12441;17398
Journey to Un'Goro;14003;19130
Knights of the Frozen Throne;15633;21024
Kobolds & Catacombs;17410;22857
The Witchwood;18992;24324
The Boomsday Project;20603;25940
Rastakhan's Rumble;22394;27621
Rise of Shadows;24151;29158
Saviors of Uldum;25807;30857
Descent of Dragons;27702;32699
Galakrond's Awakening;28158;33191
